Obersparte	Untersparte	Sparten-Nr.
Schulbücher		
	Abiturwissen	2573
	Alte Schulbücher	886
	Bücher für Lehrer	887
	DDR-Schulbücher	881
	Deutsch als Fremdsprache	880
	Erwachsenenbildung	1806
	Lektürehilfen	2968
	Gesamtschule, Sonstiges	2534
	Grundschule, Sonstiges	873
	Hauptschule, Sonstiges	879
	Realschule, Sonstiges	878
	Gymnasium, Sonstiges	877
	Sonderschule/Förderschule	884
	Handelsschule	883
	Berufsschule	693
	Meisterschule	885
	Telekolleg	882
	Deutsch (Schulbuch)	665
	Englisch (Schulbuch)	666
	Französisch (Schulbuch)	667
	Griechisch (Schulbuch)	960
	Italienisch (Schulbuch)	2648
	Latein (Schulbuch)	668
	Russisch (Schulbuch)	798
	Spanisch (Schulbuch)	2008
	Mathematik (Schulbuch)	669
	Physik (Schulbuch)	670
	Chemie (Schulbuch)	671
	Biologie (Schulbuch)	672
	Erdkunde (Schulbuch)	673
	Geschichte/Politik (Schulbuch)	674
	Philosophie (Schulbuch)	1211
	Religion/Ethik (Schulbuch)	675
	Sozialkunde (Schulbuch)	874
	Kunst (Schulbuch)	876
	Musik (Schulbuch)	875
	Sachkunde/Sachunterricht	2561
	Sport (Schulbuch)	2597
	Vorschule	3031
	Wirtschaftskunde	2932
	Sonstiges - Schulbücher	680
Design/Künste/Film		
	Architektur/Städte (Bildband)	1279
	Auktionskataloge	1816
	Ausstellungskataloge	840
	Audiovisuelle Medien	41
	Avantgarde	3015
	Berühmte Künstler (Bildband)	2694
	Bildende Kunst	1918
	Bildhauerei / Plastik	65
	Buchgestaltung	2728
	Bühnenbild	81
	Design allgemein	1286
	Drehbücher	2958
	Film	128
	Filmwissenschaft	129
	Film/Foto-Zeitschriften	780
	Firmenkataloge	824
	Fotografie	134
	Gartenkunst	1907
	Glasgestaltung	172
	Goldschmiedekunst	173
	Grafik-Design	175
	Holzgestaltung	192
	Innenarchitektur/Wohndesign	2620
	Jugendstil	2988
	Kalligraphie/Schriftkunst	2683
	Keramik/Porzellan	240
	Kommunikationsdesign	245
	Künstler/innen (biographisch)	614
	Kunst allgemein	1285
	Kunst (Bildband)	1282
	Kunstgeschichte	273
	Kunsthandwerk	2602
	Kunstpädagogik	3025
	Kunsttherapie	2642
	Kunstwissenschaft	2955
	Kunstzeitschriften	797
	Malerei	297
	Mediengestaltung	315
	Medienwissenschaft	322
	Mode/Textil	340
	Mode (Bildband)	1280
	Moderne Kunst	1917
	Produkt-Design	388
	Religiöse Kunst	1811
	Schmuck	1916
	Tanz/Theater	2645
	Theaterwissenschaft	480
	Typografie	2730
	Werkverzeichnisse	1899
	Zeichnen	2709
	Sonstiges - Design/Kunst	14
Geowissenschaften		
	Baugeologie	2717
	Geologie	147
	Geo-Botanik	1215
	Geoinformatik	751
	Geo-Ökologie	750
	Geophysik	149
	Geographie/Erdkunde	145
	Gewässerkunde	1213
	Kartographie	748
	Klimaforschung	1293
	Meteorologie	1212
	Mineralogie	337
	Paläontologie	2716
	Physische Geographie	1292
	Seismologie	1214
	Geo-Statistik	749
	Vulkanismus	1294
	Sonstiges - Geowissenschaften	604
Geschichte/Politik		
	Ur- und Frühgeschichte	820
	Antike	159
	Mittelalter	161
	Renaissance	1380
	Barock	2575
	Aufklärung (Epoche)	1381
	Neuzeit	163
	19. Jhdt.	1721
	20. Jhdt.	1722
	Aktuelles Zeitgeschehen	724
	Deutsches Kaiserreich	1371
	Weimarer Republik	1372
	Nationalsozialismus	1216
	BRD 1945-89	1218
	DDR 1945-89	1219
	Deutschl. nach 1990	1220
	Deutsche Geschichte	2852
	Europäische Geschichte	1221
	Weltgeschichte	1222
	Geschichte allgemein	3
	Kolonialgeschichte	662
	k.u.k. Monarchie	3039
	Luftfahrt	2776
	Militärgeschichte	854
	Osmanisches Reich	3038
	Seefahrt/Marine	2640
	Sozialgeschichte	2981
	Stadtgeschichte/Ortsgeschichte	2567
	Weltkriege	1021
	Wissenschaftsgeschichte	3041
	Politik allgemein	18
	Anarchismus/libertäre Theorien	2849
	Außenpolitik	2595
	Bildungspolitik	2569
	Energiepolitik	2933
	Entwicklungshilfe	2199
	Europäische Union (EU)	1805
	Finanzpolitik/Finanzwirtschaft	3066
	Föderalismus	2559
	Frauenpolitik/Feminismus	2712
	Freimaurer/Logen	2855
	Friedensforschung	1804
	Geheimdienste	2984
	Gesundheitspolitk	2670
	Gewerkschaften	1803
	Globalisierung	2001
	Innenpolitik	2596
	Konservatismus	2924
	Liberalismus	2923
	Menschenrechte	2792
	Monarchien	1896
	Naher Osten	2023
	NGO's	1377
	Öffentliche Verwaltung	2570
	Parlamentarismus	2594
	Parteien	1375
	Politikwissenschaft	1378
	Politische Karikaturen	1345
	Sozialismus/Kommunismus	1364
	Sozialpolitik	2593
	Staatssysteme	1379
	Terrorismus	1921
	Umweltpolitik/Umweltschutz	1723
	Verteidigungspolitik/Krieg	1933
	Wahlen	2636
	Widerstand	1376
	Sonstiges - Geschichte/Politik	684
Ingenieurwissenschaften/Technik		
	Autos allgemein	1201
	Agrarwissenschaften	25
	Architektur/Bauwesen	37
	Atom-/Nukleartechnologie	2411
	Bergbau	57
	CAD	2533
	Drucktechnik	1277
	Informatik	212
	Eisenbahn	846
	Energie- und Umweltschutztechnik	102
	Elektrotechnik	100
	Fahrzeugtechnik	119
	Funktechnik	2947
	Gartenbau	140
	Handwerk	2012
	Holz- und Kunststofftechnik	190
	Landschaftsplanung	1874
	Landwirtschaft	2848
	Luft- und Raumfahrttechnik	294
	Maschinenbau	305
	Motorräder	1202
	Nutzfahrzeuge/Traktoren	2978
	Oldtimer	3010
	Raumplanung/Stadtplanung	3027
	Reparaturanleitungen	833
	Schifffahrt/Schiffbau	819
	Straßenbahn/U-Bahn	2850
	Textiltechnik	1278
	Uhren	1814
	Verfahrenstechnik	1891
	Verkehrstechnik	503
	Vermessungswesen	507
	Versorgungstechnik	509
	Wasser-/Abfallwirtschaft	520
	Werkstofftechnik	525
	Sonstiges - Ingenieurwissenschaften	578
	Sonstiges - Technik	2979
Jura/Recht		
	Arbeitsrecht	857
	Ausländisches Recht	861
	Bürgerliches Recht	1997
	DDR-Recht	1018
	Europäisches Recht	1223
	Familienrecht	867
	Gefängnis/Strafvollzug	1995
	Gesetzestexte/Kommentare	699
	Gutachterwesen	864
	Handelsrecht	1998
	Internationales Recht	856
	Jura-Zeitschriften	862
	Juristisches vor 1945	1224
	Kanzleiführung	866
	Kirchenrecht	2919
	Kriminalistik/Polizei	865
	Öffentliches Recht	574
	Rechtspflege	1996
	Rechtsgeschichte	575
	Sozialrecht	1991
	Steuerrecht	2541
	Strafrecht	573
	Umweltrecht	1993
	Urteile/Entscheidungen	860
	Verbraucherschutz	2540
	Verfassung/Grundrechte	859
	Völkerrecht	1992
	Wettbewerbsrecht	1994
	Wirtschaftsrecht	858
	Zivilrecht	572
	Sonstiges - Jura	4
Kulturwissenschaften		
	Ägyptologie	46
	Anthropologie	1351
	Archäologie	36
	Asienwissenschaft	698
	Filmwissenschaft	129
	Indologie	203
	Japanologie	231
	Judaistik / JüdischeStudien	234
	Kulturgeschichte	773
	Kunstgeschichte	273
	Kunstwissenschaft	2955
	Medienwissenschaft	322
	Orientalistik	361
	Sinologie	427
	Sittengeschichte/Sexualwissenschaft	1356
	Theaterwissenschaft	480
	Tourismuswissenschaft	702
	Völkerkunde/Ethnologie	799
	Volkskunde/Vergleichende Kulturwissenschaft	2634
	Sonstiges - Kulturwissenschaften	270
Lexika/Nachschlagewerke		
	Allgemeines Lexikon	629
	Fachlexikon	630
	Fremdsprachen/Sprachführer	770
	Wörterbücher	769
	Sonstiges - Nachschlagewerke	5
Medizin/Pharmazie		
	Alte Medizinbücher	909
	Alternative Medizin	2592
	Akupunktur/-pressur	1027
	Allgemeinmedizin	736
	Anatomie	652
	Anästhesie	1932
	Andrologie	2965
	Arbeitsmedizin	1987
	Augenheilkunde	42
	Chirurgie	741
	Demenz	2761
	Dermatologie	738
	Diabetes	2794
	Diätetik	2795
	Ergotherapie	2909
	Endokrinologie/Hormone	2928
	Ganzheitliche Medizin	3064
	Gastroenterologie	1923
	Gefäßkrankheiten/Angiologie	2961
	Genetik	144
	Geschichte der Medizin	744
	Geschichte der Pharmazie	3026
	Gesundheitspolitk	2670
	Gynäkologie/Geburtshilfe	855
	Hämatologie	3063
	Heilpädagogik	185
	Heilpflanzen/Phytotherapie	2929
	Histologie	2966
	HNO	737
	Homöopathie	2673
	Immunologie	2727
	Innere Medizin	653
	Kinderheilkunde	904
	Intensivmedizin	3037
	Labormedizin	3062
	Logopädie	2667
	Manuelle Medizin/Chirotherapie	2936
	Med. Nachschlagewerke	907
	Medizintechnik	327
	Naturheilkunde	729
	Neurochirurgie	2962
	Neurologie	739
	Notfallmedizin	742
	Onkologie/Krebs	905
	Orthopädie	696
	Osteologie	2960
	Osteopathie	2566
	Palliativmedizin	2949
	Pathologie/Rechtsmedizin	654
	Pflege - Altenpflege	906
	Pflege - ambulante Pflege	2793
	Pflege - Ausbildung	2669
	Pflege - Krankenpflege	263
	Pflege - Palliativpflege	2665
	Pflege - Pflegewissenschaft	2954
	Pflege - Ratgeber	2666
	Pharmazie/Pharmakologie	377
	Physiologie	1229
	Physiotherapie	1924
	Präventivmedizin	1989
	Psychiatrie	835
	Psychosomatik	2565
	Radiologie,Ultraschall etc.	743
	Rehabilitationsmedizin	1990
	Rheumatologie	2937
	Schmerztherapie/Algesiologie	2959
	Sportmedizin	444
	Staatsexamen Medizin	1802
	TCM	2577
	Tiermedizin/Veterinärmedizin	725
	Umweltmedizin	1988
	Unfallchirurgie	2926
	Urologie	740
	Viren/Bakterien	908
	Vorklinik/Physikum	843
	Zahnmedizin	546
	Medizin-Zeitschriften	910
	Sonstiges - Medizin	323
Musik (Bücher/Noten)		
	über Beatles	888
	über berühmte Musiker/Bands	2931
	über Blues/Soul	3058
	über elektronische Musik	892
	über Folklore	683
	über HipHop/Rap	890
	über Gesang/Chöre	891
	über Jazz	232
	über Klassik	682
	über Musicals	1931
	über Oper/Operette	1210
	über Rock/Pop	681
	über deutschen Rock/Pop	894
	über Rolling Stones	889
	über Schlager/Volksmusik	896
	über Tanz/Ballett	3059
	Kirchenmusik	1225
	über Bass	901
	über Blasinstrumente	902
	über Geige	899
	über Gitarre	897
	über Klavier	898
	über Saiteninstrumente	903
	über Schlagzeug/Percussion	900
	über Tasteninstrumente	2600
	Lehrbücher	557
	Liederbücher	1295
	Musikinstrumentenbau	351
	Musikerziehung	350
	Musiktherapie	2643
	Musikwissenschaft	353
	Klavierauszüge	2963
	Noten - Blasinstrumente	2696
	Noten - Faksimiles	2989
	Noten - Gesang	2700
	Noten - Schlaginstrumente	2701
	Noten - Streichinstrumente	2697
	Noten - Tasteninstrumente	2699
	Noten - Zupfinstrumente	2698
	Notensätze (Orchester)	2790
	Noten/Partituren	556
	Autogramme/Kalender (Musik)	895
	Musik-Zeitschriften	779
	Operntexte/Libretti	2956
	Sonstiges - Musik	13
Naturwissenschaft/Mathematik		
	Astronomie	40
	Biologie allgemein	1273
	Botanik	1272
	Genetik	144
	Entomologie	3036
	Evolution	2798
	Mikrobiologie	2800
	Molekularbiologie	2799
	Neurobiologie	1979
	Ökologie/Umweltschutz	816
	Ornithologie	3035
	Zellbiologie	2801
	Zoologie	802
	Sonstiges - Biologie	67
	Biochemie	66
	Chemie allgemein	1274
	Anorganische Chemie	1265
	Organische Chemie	1264
	Physikalische Chemie	1977
	Umweltchemie	1266
	Sonstiges - Chemie	86
	Mathematik allgemein	1275
	Algebra	1259
	Analysis	1258
	Differentialgleichungen	1261
	Experimentelle Mathematik	1255
	Geometrie	1256
	Numerische Mathematik	1260
	Statistik	454
	Stochastik	1257
	Wirtschaftsmathematik	538
	Zahlentheorie	2009
	Sonstiges - Mathematik	311
	Physik allgemein	1276
	Akustik	1268
	Angewandte Physik	1262
	Astrophysik	2914
	Elektrizität/Magnetismus	1271
	Mechanik	1267
	Optik	1269
	Quantenphysik	2920
	Theoretische Physik	1263
	Wärmephysik	1270
	Sonstiges - Physik	381
	Sonstiges - Naturwissenschaften	581
Religion/Philosophie		
	Philosophie allgemein	378
	Anthropologie	1351
	Antike Philosophen	1017
	Ästhetik	1014
	Aufklärung	2416
	Erkenntnistheorie	1012
	Ethik	1010
	Geschichte der Philosophie	1900
	Geschichtsphilosophie	2857
	Idealismus	2417
	Kommunikationswissenschaft	248
	Konfuzianismus	2789
	Logik	1011
	Ontologie	1013
	Philosophie-Zeitschriften	2692
	Politische Philosophie	1015
	Rechtsphilosophie	1016
	Sprachphilosophie	2856
	Sonstiges - Philosophie	577
	Religion allgemein	1289
	Andachtsbücher/Stundenbücher	2688
	Apologetik	2019
	Bibel-Ausgaben	1023
	Bibelauslegungen/Kommentare	1960
	Bibelwissenschaft	1331
	Brauchtum	1296
	Buddhismus	1004
	Caritas/Diakonie	2720
	Christentum	1008
	Daoismus/Taoismus	2788
	Dogmatik	2721
	Gebete/Gesangbücher	1298
	Gemeindearbeit	2718
	Heilige/Hagiographie	2722
	Hinduismus	1005
	Ev. Theologie	1007
	Kath. Theologie	1006
	Islam	229
	Jesus	2785
	Judentum	1009
	Kirchengeschichte	1329
	Kirchen/Klöster	1297
	Kirchenrecht	2919
	Liturgie	2723
	Mission	1353
	Mythologie	1968
	Naturreligionen	2661
	Ökumene	1330
	Orthodoxie	2726
	Ostern	2725
	Praktische Theologie	1978
	Predigten/Homiletik	1959
	Religiöse Jugendbücher	2689
	Religiöse Kinderbücher	1312
	Religiöse Zeitschriften	2021
	Religionskritik	1388
	Religionspädagogik	1873
	Religionswissenschaft	2515
	Religiöse Kunst	1811
	Sakramente	2724
	Seelsorge	1980
	Sekten	1022
	Spiritualität	1964
	Theologen	2719
	Theosophie	3032
	Weihnachten	1939
	Weltreligionen	2662
	Sonstiges - Religion	481
Psychologie/Pädagogik		
	Allgemeine Psychologie	676
	Alkohol-/Drogenmissbrauch	1950
	Arbeits- und Organisationspsychologie	646
	Autismus	1951
	Depression	927
	Diagnostik/Tests	917
	Entwicklung/Persönlichkeit	913
	Ess-Störungen	921
	Familientherapie	2771
	Forensische Psychologie	916
	Geschichte der Psychologie	929
	Gesprächstherapie	924
	Kinder- und Jugendtherapie	1952
	Kindesmisshandlung	928
	Klinische Psychologie	915
	Körpertherapie	925
	Kritische Ereignisse/Phasen	922
	Kunsttherapie	2642
	Lernen und Gedächtnis	911
	Musiktherapie	2643
	Neuropsychologie	1999
	Partnerschaft/Sexualität	926
	Psychoanalyse	392
	Psychosomatik	2565
	Psychotherapie	726
	Ratgeber - Partnerschaft	792
	Ratgeber - Psyche/Lebenshilfe	765
	Sozialpsychologie	914
	Sucht/Suchtprävention	920
	Tiefenpsychologie	3012
	Verhaltenstherapie	923
	Wahrnehmung und Denken	912
	Wirtschaftspsychologie	3034
	Psychologie-Zeitschriften	1248
	Pädagogik allgemein	677
	Behindertenpädagogik	678
	Berufs-/Wirtschaftspädagogik	1958
	Didaktik	2531
	Erwachsenenbildung	1806
	Erziehungswissenschaft	2526
	Geschichte der Pädagogik	2529
	Grundschulpädagogik	930
	Heilpädagogik	935
	Heimpädagogik	934
	Integrative Pädagogik	2532
	Kunstpädagogik	3025
	Medienpädagogik	1807
	Montessori	1948
	Museumspädagogik	932
	Musikpädagogik	2536
	Natur-/Umweltpädagogik	3009
	Reformpädagogik	2527
	Schulentwicklung	1976
	Schulpädagogik	931
	Sexualpädagogik	2971
	Sonderpädagogik	2528
	Sozialpädagogik/Sozialarbeit	933
	Spielpädagogik	1949
	Vorschulpädagogik	1861
	Waldorfpädagogik	936
	Physiologische Psychologie	919
	Pädagogik-Zeitschriften	3023
	Sonstiges - Psyche/Pädagogik	393
Soziologie		
	Bildungssoziologie	3019
	Empirische Sozialforschung	1200
	Geschichte der Soziologie	963
	Geschlechter/Gender Studies	965
	Informationsgesellschaft	1724
	Inklusion/Exklusion	3020
	Klassische Theorien	966
	Kriminalwissenschaften	2423
	Kulturen und Alltag	967
	Organisationssoziologie	3018
	Sozialer Wandel	964
	Sozialisation/Erziehung	3017
	Sonstiges - Soziologie	603
Sprach-/Literaturwissenschaft		
	Afrikanistik	20
	Ägyptologie	46
	Albanologie	26
	Altsprachliche Texte	3011
	Anglistik	32
	Amerikanistik	28
	Arabistik	34
	Baltistik	1817
	Bibliographie	1369
	Bohemistik	2777
	Buch- und Bibliothekswesen	804
	Bulgaristik	80
	Dialekte	2415
	Dänisch	92
	Finno-Ugristik	131
	Französisch	137
	Germanistik	153
	Griechisch	177
	Indoeuropäisch	1943
	Italienisch	230
	Indologie	203
	Japanologie	231
	Jiddistik	2770
	Journalistik	233
	Judaistik / JüdischeStudien	234
	Kaschubologie/Pomoranistik	1437
	Klassische Philologie	2702
	Kommunikationswissenschaft	248
	Latein	284
	Linguistik	1852
	Literaturgeschichte	2410
	Literaturwissenschaft	291
	Mediävistik	745
	Niederländisch	576
	Orientalistik	361
	Polonistik	2778
	Publizistik / Zeitungswissenschaften	394
	Romanistik	409
	Russisch	411
	Semitistik	1942
	Serbokroatistik	2779
	Sinologie	427
	Skandinavistik / Nordistik	428
	Slawistik	429
	Slowakistik	2780
	Slowenistik	2781
	Spanisch	442
	Sprachkurse	2422
	Sprachphilosophie	2856
	Turkologie	489
	Ukrainistik	491
	Vergleichende Sprachwissenschaft	2703
	Interpretationen	2574
	Literatur-Zeitschriften	954
	Sonstiges - Sprachwissenschaften	11
Wirtschaft/Marketing		
	Außenhandel (Import/Export)	2925
	Betriebliche Bildung	59
	Betriebswirtschaftslehre	61
	Börse	664
	Controlling	1919
	Corporate Finance	2015
	Entwicklungshilfe	2199
	Europäische Wirtschaft	115
	Existenzgründung	2900
	Finanzpolitik/Finanzwirtschaft	3066
	Firmengeschichte	823
	Immobilienwirtschaft	2760
	Institutionenökonomik	2572
	Logistik / Supply Chain	2196
	Marketing/Werbung	302
	Makroökonomie	570
	Mikroökonomie	571
	Management	319
	Operations Research	2016
	Personal	2930
	Produktion	1920
	Ratgeber - Finanzen	764
	Ratgeber - Unternehmen	760
	Rechnungswesen	831
	Risikomanagement	2011
	Steuern	731
	Versicherungen	500
	Volkswirtschaftslehre	517
	Wirtschaftsgeschichte	534
	Wirtschaftsinformatik	535
	Wirtschaftskommunikation	537
	Wirtschaftsmathematik	538
	Wirtschaftspsychologie	3034
	Wirtschafts-Zeitschriften	768
	Wirtschaftsrecht	540
	Sonstiges - Wirtschaft/Marketing	542
Englischsprachige Bücher		
	Romane (englisch)	968
	Computer (englisch)	978
	Fantasy (englisch)	971
	Geschichte/Politik (englisch)	969
	Englische Jugendbücher	2010
	Englische Kinderbücher	976
	Horror (englisch)	1911
	Humor/Satire (englisch)	974
	Krimi/Thriller (englisch)	972
	Länder/Reisen (englisch)	1820
	Liebesromane (englisch)	2523
	Lyrik (englisch)	2537
	Religiöse Bücher (englisch)	2902
	Sachbücher (englisch)	973
	Science Fiction (englisch)	970
	Theater/Drama (englisch)	1301
	Wirtschaft/Werbung (englisch)	977
	über Musik/Film (englisch)	975
	Sonstiges - Englisch	707
Fremdsprachige Bücher		
	Arabisch	1349
	Chinesisch	1407
	Dänisch	1954
	Esperanto	2690
	Estnisch	2784
	Finnisch	1387
	Kinder-/Jugendbücher (französisch)	2625
	Krimi/Thriller (französisch)	2623
	Liebesromane (französisch)	2624
	Romane (französisch)	2627
	Sachbücher (französisch)	2622
	Science Fiction/Fantasy (französisch)	2626
	Sonstiges - französisch	711
	Griechisch	1892
	Italienisch	709
	Japanisch	1406
	Lettisch	2783
	Litauisch	2782
	Niederländisch	714
	Norwegisch	1955
	Polnisch	713
	Portugiesisch	1966
	Rumänisch	1370
	Russisch	712
	Schwedisch	1956
	Skandinavische Sprachen	715
	Slowenisch	2907
	Kinder-/Jugendbücher (spanisch)	2628
	Krimi/Thriller (spanisch)	2629
	Liebesromane (spanisch)	2630
	Romane (spanisch)	2631
	Sachbücher (spanisch)	2632
	Science Fiction/Fantasy (spanisch)	2633
	Sonstiges - spanisch	710
	Tschechisch	1973
	Türkisch	708
	Ungarisch	1390
	Sonstiges	716
Ratgeber		
	Alternative Medizin	2592
	Ratgeber - Alter	1934
	Ratgeber - Altersvorsorge/Rente	2704
	Ratgeber - Baby/Kleinkind	1321
	Ratgeber - Bauen/Immobilien	1810
	Ratgeber - Benehmen	1367
	Ratgeber - Bewerbung	758
	Demenz	2761
	Ratgeber - Erfolg	2201
	Ratgeber - Ernährung	1324
	Ratgeber - Erziehung	766
	Ratgeber - Familie	1385
	Ratgeber - Feste & Feiern	2672
	Ratgeber - Finanzen	764
	Ratgeber - für Frauen	1927
	Ratgeber - Gesundheit	763
	Heim und Garten	649
	Ratgeber - Karriere	757
	Ratgeber - Kindergarten	1819
	Ratgeber - für Männer	1928
	Ratgeber - Kosmetik/Beauty	1322
	Ratgeber - Partnerschaft	792
	Pflege - Ratgeber	2666
	Ratgeber - Psyche/Lebenshilfe	765
	Ratgeber - Recht	1323
	Ratgeber - Rhetorik	2203
	Ratgeber - Schreiben	2202
	Ratgeber - Schule/Lernhilfen	1818
	Schwangerschaft/Geburt	1320
	Ratgeber - Sexualität	2017
	Steuern	731
	Ratgeber - Studieren	759
	Ratgeber - Tod/Sterben	2705
	Ratgeber - Umweltschutz	1985
	Ratgeber - Unternehmen	760
	Ratgeber - Verbraucherschutz	1986
	Ratgeber - Wohnen/Einrichten	2706
	Sonstiges - Ratgeber	647
(Auto-)Biographie/Briefe		
	Adel (biographisch)	2664
	Briefe	847
	Tagebücher	848
	Schicksale (biographisch)	767
	Frauen (biographisch)	852
	Künstler/innen (biographisch)	614
	Militärs (biographisch)	1373
	Musiker/innen (biographisch)	613
	Philosophen/Theologen (biographisch)	2684
	Politiker/innen (biographisch)	612
	Religiöse Personen (biographisch)	2847
	Schauspieler/innen (biographisch)	1344
	Schriftsteller/innen (biographisch)	1348
	Sportler/innen (biographisch)	2598
	Unternehmer/innen (biographisch)	2983
	Wissenschaftler/innen (biographisch)	697
	Sonstiges - Biographien	548
Comics/Sci-Fi/Fantasy		
	Comics	589
	Carlsen	787
	DC-Comics	841
	Deutsche Comics	1346
	Disney	782
	Englische Comics	784
	Fantasy	688
	Formwandler/Gestaltwandler	2715
	Franco-Belgisch	790
	Graphic Novel	2418
	Horror	786
	Independent	789
	Karikaturen/Cartoons	1355
	Manga	785
	Marvel	783
	Military-SF	2714
	Perry Rhodan	1815
	Piccolo's	788
	Rollenspiele	762
	Science Fiction	618
	Vampir-Romane	2576
	Comics/SF-Sekundärliteratur	2853
	Sonstiges - Comics/SF	623
Computer/Multimedia		
	Betriebssysteme	560
	Datenbanken	663
	Hardware	559
	HTML/Webdesign	956
	Informatik	212
	Internet	563
	Java	959
	Linux	957
	Mac	958
	Netzwerktechnik	564
	PHP	955
	Programmierung	561
	Sicherheit/Kryptographie	700
	über Software-Authoring	568
	über Audio-Software	566
	über Kinder-Software	727
	über Lernsoftware	728
	Über Office-Software	836
	über Grafik-Software	558
	über Microsoft-Software	567
	über SAP-Software	1967
	über Spiele/Lösungsbücher	569
	Medienwissenschaft	322
	Computer-Zeitschriften	695
	Multimedia allgemein	343
	Computer allgemein	565
	Sonstiges - Computer/Multimedia	2
Kochbücher/Ernährung		
	Ernährung allgemein	106
	Diäten	1339
	Ernährung für Allergiker	2974
	Genussmittel/Drogen	829
	Gesundheit allgemein	169
	Haushalts- und Ernährungswissenschaft	182
	Lebensmittelkunde	2967
	Ratgeber - Ernährung	1324
	Ratgeber - Gesundheit	763
	Afrikanische Küche	2654
	Amerikanische Küche	2655
	Arabische Küche	2653
	Asiatische Küche	1333
	Backen	1332
	Desserts	1335
	Deutsche Küche	2652
	Einkochen/Marmelade	2935
	Festlich kochen	2906
	Fischgerichte	2975
	Fleischgerichte	2972
	Französische Küche	2680
	Gewürze/Kräuter	1340
	Grillen/Barbecue	2911
	Italienische Küche	2681
	Karibische Küche	2658
	Kochbücher allgemein	622
	Kochbücher für Kinder	2901
	Konditoren-/Bäckerhandwerk	1872
	Mediterrane Küche	2651
	Österreichische Küche	2768
	Osteuropäische Küche	2656
	Ozeanische Küche	2922
	Pasta/Teigtaschen	2913
	Pilze	814
	Salate	2912
	Saucen/Dips	1341
	Schweizer Küche	2767
	Skandinavische Küche	2657
	Spanische Küche	2682
	Suppen/Eintöpfe	2973
	Thermomix/Kochautomaten	3060
	Vegane Küche	2659
	Vegetarische Küche	1334
	Vollwertküche	1342
	Vorspeisen	1343
	Alkoholfreie Getränke	1347
	Bier	2986
	Cocktails	1337
	Getränke allgemein	1028
	Spirituosen	1338
	Tee/Kaffee	1382
	Wein	1336
	Sonstiges - Kochbücher/Ernährung	593
Meditation/Esoterik		
	Alchemie	2020
	Anthroposophie	1855
	Astrologie allgemein	1019
	Bewußtseinszustände	950
	Esoterik-Zeitschriften	952
	Esoterisches Heilen	951
	Geister/Engel	941
	Grenzwissenschaften	2530
	Horoskope	1001
	Hypnose	942
	Magie/Hexen	944
	Meditation	610
	Mystik/Mysterien	947
	Mythologie	1968
	Okkultismus	946
	Parapsychologie	609
	Prophezeiungen	939
	Qigong	2796
	Radiästhesie	2535
	Schamanismus	1290
	Sternzeichen	937
	Tod/Wiedergeburt	940
	Träume	943
	Ufos/Außerirdische	949
	Wahrsagen/Tarot	938
	Zen/I Ging	948
	Mond/Planeten	1002
	Sonstiges - Esoterik	591
	Sonstiges - Astrologie	608
Kinderbücher/Jugendbücher		
	Jugendbücher vor 1945	1709
	Kinderbücher vor 1945	1708
	Kinder- und Jugendbuch-Klassiker	2985
	Alte Kinderbücher	1310
	Alte Jugendbücher	1311
	Astrid Lindgren	2951
	Aufklärung/Pubertät	1314
	Bastelbücher für Kinder	1389
	Bilderbücher	625
	DDR Kinder- & Jugendbücher	1860
	Disney-Kinderbücher	1309
	Englische Kinderbücher	976
	Enid Blyton	1308
	Fibeln	2964
	Geschichten für Jungen	2691
	Geschichten für Mädchen	1809
	Grusel/Spannung	1940
	Gute-Nacht-Geschichten	1313
	Harry Potter	1307
	Historische Kinder-/Jugendbücher	3029
	Janosch	1305
	Jugendbuch allgemein	690
	Jugend-Fantasy/SF	1317
	Jugend-Krimi/Abenteuer	1315
	Jugendzeitschriften	1247
	Karl May	1354
	Kinderbuch allgemein	691
	Kinder-/Jugendlexika	1306
	Kinderlieder/Reime	1316
	Kinderzeitschriften	1246
	Kochbücher für Kinder	2901
	Lesen lernen/Erstleser	1984
	Malbücher	2000
	Märchen/Sagen	624
	Minibücher	2200
	Naturgeschichten	1905
	Ostern	2899
	Pferdebücher	2514
	Pixi-Bücher	1983
	Pop-up-Bücher	2791
	Religiöse Jugendbücher	2689
	Religiöse Kinderbücher	1312
	Sach-/Wissensbücher	844
	Schulgeschichten	1906
	Spielebücher	1394
	Spannend erzählt (DDR-Reihe)	2787
	Sportgeschichten	2707
	Tiergeschichten	1393
	Weihnachten	2898
	für Kinder ab 0	1302
	für Kinder ab 3	2687
	für Kinder ab 6	1303
	für Kinder ab 10	1304
	Sonstiges - Kinder/Jugendbücher	16
Romane/Erzählungen		
	Abenteuer/Western	735
	Adelsromane	2710
	Aktuelle Bestseller	775
	Anthologien	1957
	Arztromane	1358
	Bertelsmann Lesering	1352
	Biographische Erzählungen	1231
	Bücher zu Film/Fernsehen	774
	CORA-Romane	2649
	Detektiv-Romane	1719
	Entwicklungsroman	2948
	Essays	771
	Erotische Erzählungen	631
	Erzählungen	1327
	Exilliteratur	2905
	Familienromane	1386
	Fantasy	689
	Frauen	692
	Gay/Schwul	825
	Gesamtausgaben/Werkausgaben	1897
	Gesellschaftsromane	2851
	Heft-/Groschenromane	1902
	Heimatromane	1431
	Heitere Erzählungen	1395
	Historische Liebesromane	2663
	Historische Romane	632
	Horror	734
	Humor/Satire	701
	Insel-Bücherei	1357
	Justiz-Romane	1904
	Karl May	1354
	Jugend	643
	Katastrophen	2539
	Klassiker	795
	Krieg/Soldaten	1232
	Kurzgeschichten	1325
	Lesbian/Lesbisch	2641
	Liebesromane	796
	Männer	1707
	Märchen / Sagen	853
	Novellen	1326
	Politische Romane	2022
	Reader´s Digest	1253
	Reiseerzählungen	1365
	Religiöse Erzählungen	1230
	Schicksals-Romane	1396
	Science Fiction	634
	Sportromane	2708
	Tiergeschichten / Fabeln	1374
	Utopien/Dystopien	2939
	Vampir-Romane	2576
	Weihnachten	1939
	Sonstiges - Romane / Erzählungen	8
Krimis/Thriller		
	Detektiv-Romane	1719
	Frauenkrimis	2524
	Gerichtsmedizinische Krimis	2519
	Historische Krimis	1720
	Horror	734
	Justiz-Romane	1904
	Krimi-Klassiker	2953
	Kriminalgeschichten	2571
	Mystery	2952
	Noir-Krimis	2520
	Polit-Thriller	1913
	Psycho-Thriller	2522
	Romantik-Thriller	2668
	Spionage-Romane	2521
	Tierkrimis	2517
	True Crime	2516
	Umwelt-/Ökothriller	3030
	Vampir-Romane	2576
	Sonstiges - Krimi/Thriller	633
	Krimis aus Afrika	2557
	Krimis aus Asien	2544
	Krimis aus Australien & Neuseeland	2545
	Krimis aus Benelux-Ländern	2554
	Krimis aus der DDR	3028
	Krimis aus Deutschland, Österreich und der Schweiz	2518
	Krimis aus Frankreich	2546
	Krimis aus Griechenland	3040
	Krimis aus Großbritannien und Irland	2547
	Krimis aus Lateinamerika	2555
	Krimis aus Osteuropa	2556
	Krimis aus Italien	2548
	Krimis aus Nahost & Nordafrika	2549
	Krimis aus Russland	2550
	Krimis aus Skandinavien	2551
	Krimis aus Spanien & Portugal	2552
	Krimis aus den USA & Kanada	2553
Drama/Lyrik		
	Antikes Drama	2957
	Klassisches Theater	1034
	Modernes Theater	1035
	Episches Theater	1036
	Drama	686
	Komödie	1032
	Modernes Drama	984
	Shakespeare	981
	Tragödie	1033
	Theaterwissenschaft	480
	Lyrik allgemein	685
	Anthologien (Lyrik)	1350
	Antike Dichtung	2896
	Balladen	982
	Gedichtbände	1030
	Liebeslyrik	980
	Lieder/Gesänge	983
	Moderne Lyrik	979
	Poetry Slam	3007
	Reimlexika	1031
	Sonstiges - Drama/Lyrik	1366
Sammel-/Bildbände		
	Architektur/Städte (Bildband)	1279
	Berühmte Künstler (Bildband)	2694
	Bildband allgemein	628
	Fotografie (Bildband)	1717
	Jahrbücher	1284
	Kunst (Bildband)	1282
	Mode (Bildband)	1280
	Natur (Bildband)	1281
	Reisen (Bildband)	733
	Tiere (Bildband)	1287
	Sammelband	627
	Sammelbildchen/Album	1970
	Gesammelte Werke	1288
	Sonstiges - Sammel/Bildband	15
Deutsche Regionen		
	Deutschland allgemein	803
	DDR allgemein	834
	Baden-Württemberg	985
	Bayern	986
	Berlin	987
	Brandenburg	988
	Bremen	989
	Flüsse in Deutschland	2775
	Gebirge in Deutschland	3013
	Hamburg	990
	Hessen	991
	Mecklenburg-Vorpommern	992
	Niedersachsen	993
	Nordrhein-Westfalen	994
	Rheinland-Pfalz	995
	Saarland	996
	Sachsen	997
	Sachsen-Anhalt	998
	Schleswig-Holstein	999
	Thüringen	1000
	Stadtführer (Deutschland)	1962
	ehem. Böhmen/Mähren	1237
	ehem. Pommern	1238
	ehem. Preußen	1926
	ehem. Ostpreußen	1233
	ehem. Westpreußen	1925
	ehem. Schlesien	1235
	ehem. Siebenbürgen	1236
	ehem. Sudetenland	1234
	sonstige ehemalige dt. Gebiete	2604
Länder und Reisen		
	Ägypten	2481
	Kapverden	2482
	Kenia	2483
	Madagaskar	2484
	Marokko	2485
	Mauritius	2486
	Namibia	2487
	Nordafrika	2679
	Ostafrika	2677
	Südafrika	2488
	Tunesien	2489
	Westafrika	2678
	Afrika allgemein	659
	Argentinien	2467
	Bahamas	2468
	Barbados	2469
	Bolivien	2470
	Brasilien	2471
	Chile	2472
	Costa Rica	2473
	Dominikanische Republik	2474
	Ecuador	2916
	Jamaika	2475
	Kanada	2476
	Karibik	3006
	Kolumbien	2477
	Kuba	2478
	Mexiko	2479
	Nicaragua	3033
	Paraguay	2480
	Uruguay	2917
	USA	2512
	Amerika allgemein	809
	Nordamerika	657
	Südamerika	658
	Afghanistan	2621
	Bali	2490
	Bhutan	2861
	China	2491
	Indien	2493
	Indonesien	2494
	Irak	2538
	Iran	2495
	Israel	2496
	Japan	2497
	Jordanien	2498
	Kambodscha	2858
	Kaukasus	2938
	Laos	2499
	Libanon	2500
	Malaysia	2501
	Malediven	2502
	Myanmar/Birma	2564
	Nepal	2860
	Nordkorea	2578
	Pakistan	2647
	Philippinen	2503
	Saudi-Arabien	2504
	Seychellen	2505
	Singapur	2506
	Sri Lanka	2507
	Südkorea	2579
	Taiwan	2862
	Thailand	2508
	Tibet	2859
	Vereinigte Arabische Emirate	2509
	Vietnam	2510
	Zentralasien	2637
	Asien allgemein	656
	Orient/Arabien	827
	Australien	660
	Neuseeland	2511
	Südseeinseln	2513
	Albanien	2429
	Belgien	2430
	Bosnien & Herzegowina	2431
	Bulgarien	2432
	Dänemark	2433
	Deutschland allgemein	803
	England/Großbritannien	2434
	Estland	2435
	Europa	2897
	Finnland	2436
	Frankreich	2437
	Georgien	2438
	Griechenland	2439
	Irland	2440
	Island	2441
	Italien	2442
	Kanarische Inseln	2921
	Kroatien	2443
	Lettland	2444
	Litauen	2445
	Luxemburg	2763
	Malta	2446
	Moldawien	2447
	Monaco	3021
	Montenegro	3014
	Niederlande	2448
	Norwegen	2449
	Österreich	2450
	Polen	2451
	Portugal	2452
	Rumänien	2453
	Russland	818
	Schottland	2455
	Schweden	2456
	Schweiz	2457
	Serbien	2458
	Slowakei	2459
	Spanien	2461
	Slowenien	2460
	Türkei	2463
	Tschechien	2462
	Ungarn	2465
	Ukraine	2464
	Zypern	2466
	Europa allgemein	661
	Westeuropa	1727
	Südeuropa	1726
	Südosteuropa/Balkan	2976
	Osteuropa	1319
	Skandinavien	1318
	Baltikum	826
	Aktuelle Landkarten	2319
	Alte Landkarten	1029
	Atlanten und Geographie	772
	Baedeker Reiseführer	2635
	Berge/Gebirge	1368
	Historische Reisen	3016
	Hotelführer/Unterkünfte	1808
	Kreuzfahrten	2910
	Meere/Ozeane	2766
	Merian (Magazin)	791
	Polarregion	828
	Reiseerzählungen	1365
	Reiseführer	601
	Reisen (Bildband)	733
	Reise-Zeitschriften	776
	Restaurantführer	2895
	Seekarten	2982
	Stadtführer	1961
	Wandern/Laufen	1716
	Sonstiges - Reisen	607
Sport und Hobby		
	Akrobatik/Artistik	2944
	Alpinismus	839
	Angeln	2934
	Autos/Motorsport	635
	Ballsport	636
	Fitness/Kraftsport	1941
	Flugsport	1929
	Fußball	1972
	Golf	1024
	Gymnastik/Turnen	1240
	Hundesport	2685
	Jagd	732
	Leichtathletik	1020
	Kampfsport	639
	Radsport/Radfahren	1025
	Reitsport	1239
	Schach	747
	Schießsport	2711
	Segeln/Boote	1898
	Sportwissenschaften	447
	Tanzen	1241
	Tennis	2950
	Wandern/Laufen	1716
	Wassersport	638
	Wintersport	637
	WM/Olympia	832
	Sport-Zeitschriften	694
	Sonstiges - Sport	587
	Ahnenforschung/Genealogie	1026
	Aquarien/Terrarien	1974
	Dekoration	2671
	Eisenbahn	846
	Fotografie	134
	Häkeln/Stricken	2894
	Handarbeit/Basteln	651
	Heim und Garten	649
	Heimwerken	1228
	Heraldik	2977
	Jonglieren	2945
	Malen/Zeichnen	1299
	Maritimes/Schifffahrt	2650
	Meditation	610
	Modellbau	1894
	Motorrad	1901
	Nähen	2908
	Numismatik/Münzen	1227
	Oldtimer	3010
	Philatelie/Briefmarken	1226
	Pilgern	2918
	Puppen/Marionetten	1384
	Rätsel/Quizbücher	1244
	Sammeln	650
	Spiele/Kartenspiele	1243
	Töpfern	1300
	Yoga	2943
	Zauberei	1937
	Sonstiges - Hobby	648
Tiere/Natur		
	Aquarien/Terrarien	810
	Exotische Tiere	807
	Fische	811
	Hunde	718
	Hundesport	2685
	Imkerei	2563
	Insekten	808
	Katzen	719
	Nagetiere	720
	Nutztiere	723
	Pferde	721
	Ratgeber Tiere	602
	Reptilien/Amphibien	1039
	Säugetiere	806
	Tiere (Bildband)	1287
	Vögel	722
	Sonstiges - Tiere	606
	Botanik	687
	Natur allgemein	815
	Gewässer	817
	Bäume und Sträucher	812
	Blumen/Orchideen	813
	Forstwirtschaft	2420
	Kakteen/Sukkulenten	822
	Ökologie/Umweltschutz	816
	Pflanzen allgemein	821
	Pflanzenanbau	2419
	Pilze	814
	Zoologie	802
	Natur-Zeitschriften	621
	Natur (Bildband)	1281
	Naturgeschichte	2854
	Sonstiges - Natur	1245
Zeitschriften/Zeitungen		
	Auto/Motorrad (Zeitschriften)	778
	Camping-Zeitschriften	2007
	Computer-Zeitschriften	695
	Eltern-Zeitschriften	793
	Englische Zeitschriften	1857
	Erotik-Zeitschriften	781
	Esoterik-Zeitschriften	952
	Essen/Trinken - Zeitschriften	1935
	Fachzeitschrift	620
	Film/Foto-Zeitschriften	780
	Frauen-Zeitschriften	794
	Fremdsprachige Zeitschriften	1858
	Garten-Zeitschriften	1936
	GEO (Zeitschrift)	1251
	Geschichte/Politik - Zeitschriften	2863
	Hobby-Zeitschriften	777
	Jura-Zeitschriften	862
	Jugendzeitschriften	1247
	Kinderzeitschriften	1246
	Kunstzeitschriften	797
	Landleben - Zeitschriften	2786
	Literatur-Zeitschriften	954
	Luftfahrt (Zeitschriften)	3008
	Männer-Zeitschriften	1254
	Medizin-Zeitschriften	910
	Mode-Zeitschriften	1249
	Modellbau-Zeitschriften	2006
	Musik-Zeitschriften	779
	Nachrichten/Politik	619
	Natur-Zeitschriften	621
	Pädagogik-Zeitschriften	3023
	Philosophie-Zeitschriften	2692
	Psychologie-Zeitschriften	1248
	Reader´s Digest	1253
	Reise-Zeitschriften	776
	Religiöse Zeitschriften	2021
	Satire-Zeitschriften	1250
	Schiffahrt/Seefahrt (Zeitschriften)	2980
	Sport-Zeitschriften	694
	Tageszeitungen	2764
	Tier-Zeitschriften	1953
	Verbraucher-Zeitschriften (Tests)	2693
	Wirtschafts-Zeitschriften	768
	Wissenschaft/Technik	863
	Wochenmagazine	1252
	Wohn-/Architektur-Zeitschriften	1922
	Sonstiges - Zeitschriften	547
Sammlerstücke/Raritäten		
	vor 1500	1845
	16. Jhdt.	1846
	17. Jhdt.	1847
	18. Jhdt	1848
	19. Jhdt.	1849
	Alte Drucke	801
	Ansichtskarten/Postkarten	1363
	Autogramme/Autographen	1291
	Büchergilde Gutenberg	3042
	Chroniken/Jahrbücher	2601
	Erstausgaben	805
	Faksimile	2542
	Gesamtausgaben/Werkausgaben	1897
	Grafiken	1915
	Handschriften	2970
	Illustrierte Bücher (Originalgrafik)	2543
	Inkunabeln	2969
	Insel-Bücherei	1357
	Manuskripte	1854
	Vorzugsausgaben	1914
	Pressendrucke/Künstlerbücher	1975
	Raritäten	706
	rororo Leinenrücken	1850
	Sonderausgaben	705
	Signierte Bücher	717
	Stiche/Kupferstiche	1853
	Sonstiges - Wertvolles/Raritäten	800
Sonstiges		
	Adress-/Telefonbücher	1945
	Aktien/Wertpapiere	1930
	Almanach	1362
	Alte Werbeanzeigen	3065
	Ansichtskarten/Postkarten	1363
	Aufkleber	3022
	Auktionskataloge	1816
	Ausstellungskataloge	840
	Autogramme	2428
	Bedienungsanleitungen	1903
	Braille-/Blindenschrift	3024
	Erotika	830
	Faksimiles	845
	Fest-/Jubiläumsschriften	2638
	Gesammelte Werke	1288
	Geschenkbücher	1875
	Großdruck	837
	Gutscheinbücher	2562
	Kalender	1359
	Karikaturen/Cartoons	1355
	Kataloge	1361
	Lesezeichen	2772
	Minibücher	2591
	Mundart	1812
	Notizbücher/Poesiealben	2644
	Ostalgie	1971
	Poster	2674
	Programmhefte	1963
	Reportagen	2002
	Sach/Fachbücher	703
	Sammlungen/Konvolute	838
	Schutzumschläge	2942
	Studentica	2765
	Trading Cards	2284
	Unterhaltung/Humor	704
	Witze/Anekdoten	1360
	Zirkus	2946
	Zitate/Aphorismen	1813
	Sonstiges	655